order_id,order_number,order_date,fk_order_date,fk_customer,fk_product,order_item_id,unit_price,discount_value,price_paid
10968640,558863286,2019-01-03,20190103,1064,9138,10994590,129.99,129.99,0.00
11055158,457975886,2019-01-10,20190110,1064,9138,11081140,129.99,39.99,90.00
11313572,575443486,2019-01-31,20190131,1064,9138,11339594,129.99,9.99,120.00
11383720,555179086,2019-02-07,20190207,1064,9138,11409756,129.99,32.50,97.49
11443372,543487086,2019-02-14,20190214,1064,9138,11469414,129.99,0.00,129.99
11612786,574272686,2019-02-28,20190228,1064,9138,11638858,129.99,0.00,129.99
11752930,530756966,2019-03-14,20190314,1064,9138,11779028,129.99,0.00,129.99
11848434,493672566,2019-03-21,20190321,1064,9138,11874542,129.99,32.50,97.49
11891396,438650566,2019-03-28,20190328,1064,13590,11917516,129.99,32.50,97.49
11989958,563717366,2019-04-04,20190404,1064,13590,12016088,129.99,0.00,129.99
12139302,590683966,2019-04-18,20190418,1064,13590,12165488,129.99,0.00,129.99
12215368,532479766,2019-04-25,20190425,1064,13590,12241562,129.99,32.50,97.49
12263926,467943766,2019-05-02,20190502,1064,13590,12290156,129.99,32.50,97.49
12326506,553999566,2019-05-09,20190509,1064,13590,12352766,129.99,32.50,97.49
12505876,557887166,2019-05-23,20190523,1064,13590,12532164,129.99,32.50,97.49
12582766,524476366,2019-05-30,20190530,1064,13954,12609064,129.99,32.50,97.49
12646416,588308766,2019-06-06,20190606,1064,13954,12672728,129.99,32.50,97.49
12719022,493530766,2019-06-13,20190613,1064,13954,12745342,129.99,32.50,97.49
12984624,511166626,2019-07-18,20190718,1064,14314,13011008,129.99,32.50,97.49
13076208,509571426,2019-07-25,20190725,1064,14314,13102594,129.99,32.50,97.49
13181422,477176026,2019-08-08,20190808,1064,14314,13207818,129.99,32.50,97.49
13244994,507385826,2019-08-15,20190815,1064,14314,13271394,129.99,32.50,97.49
13363848,514385626,2019-08-29,20190829,1064,14314,13390248,129.99,32.50,97.49
13445636,576743626,2019-09-05,20190905,1064,20330,13472036,174.99,43.75,131.24
13463534,426489226,2019-09-05,20190905,1064,6572,13489934,27.96,27.96,0.00
13586718,599188426,2019-09-19,20190919,1064,20326,13613118,139.99,35.00,104.99
13725430,554264826,2019-09-26,20190926,1064,20326,13751830,139.99,35.00,104.99
13755242,435336826,2019-10-03,20191003,1064,20980,13781642,174.99,43.75,131.24
13811042,429566826,2019-10-03,20191003,1064,6572,13837442,31.96,31.96,0.00
13916242,537163006,2019-10-17,20191017,1064,20976,13942642,139.99,35.00,104.99
14047752,592766606,2019-10-24,20191024,1064,20980,14074152,174.99,43.75,131.24
14049994,469706606,2019-10-24,20191024,1064,6572,14076394,31.96,31.96,0.00
14110038,511537406,2019-10-31,20191031,1064,24408,14136438,139.99,35.00,104.99
14216230,533800006,2019-11-07,20191107,1064,24468,14242630,129.99,32.50,97.49
14300104,466709806,2019-11-14,20191114,1064,24468,14326504,129.99,32.50,97.49
14315802,487065806,2019-11-14,20191114,1064,6572,14342202,7.96,7.96,0.00
14391772,542303806,2019-11-21,20191121,1064,24468,14418172,129.99,32.50,97.49
14407026,489867806,2019-11-21,20191121,1064,6572,14433426,39.96,39.96,0.00
14457222,503119606,2019-11-28,20191128,1064,24468,14483622,129.99,32.50,97.49
14575468,470319206,2019-12-05,20191205,1064,24468,14601868,129.99,32.50,97.49
14590804,479877206,2019-12-05,20191205,1064,6572,14617204,11.96,11.96,0.00
14595872,570335206,2019-12-05,20191205,1064,24454,14622272,4.99,0.00,4.99
14647858,555728406,2019-12-12,20191212,1064,24468,14674258,129.99,32.50,97.49
14674948,542992406,2019-12-12,20191212,1064,6572,14701348,11.96,11.96,0.00
14723880,487490406,2019-12-19,20191219,1064,24468,14750280,129.99,32.50,97.49
14727234,594730406,2019-12-19,20191219,1064,6572,14753634,11.96,11.96,0.00
14742136,534562406,2019-12-26,20191226,1064,24670,14768536,174.99,43.75,131.24
14782922,458544806,2019-12-26,20191226,1064,6572,14809322,23.96,23.96,0.00
14785930,526424806,2019-12-26,20191226,1064,24454,14812330,4.99,0.00,4.99
14866416,511862806,2020-01-02,20200102,2027,24664,14892816,79.99,20.00,59.99
14974286,575842986,2020-01-09,20200109,2027,24664,15000686,79.99,20.00,59.99
14990176,531386986,2020-01-09,20200109,2027,24454,15016576,4.99,4.99,0.00
15076486,537674586,2020-01-16,20200116,2027,24664,15102886,79.99,20.00,59.99
15113136,591506586,2020-01-16,20200116,2027,24454,15139536,4.99,4.99,0.00
15163612,553359386,2020-01-23,20200123,2027,24664,15190012,79.99,20.00,59.99
15229776,591547386,2020-01-23,20200123,2027,24454,15256176,4.99,4.99,0.00
15333866,452943986,2020-01-30,20200130,2027,24664,15360266,79.99,20.00,59.99
15491682,519345586,2020-02-13,20200213,2027,24664,15518082,79.99,20.00,59.99
15639668,447039186,2020-02-20,20200220,2027,24672,15666068,119.99,30.00,89.99
15688162,532943186,2020-02-27,20200227,2027,24668,15714562,99.99,25.00,74.99
15819016,467166386,2020-03-05,20200305,2027,24664,15845416,79.99,20.00,59.99
15870438,518978786,2020-03-12,20200312,2027,31326,15896838,99.99,25.00,74.99
16044114,596502946,2020-03-19,20200319,2027,31322,16070514,79.99,20.00,59.99
16149058,552510546,2020-03-26,20200326,2027,31326,16175458,99.99,0.00,99.99
16168464,509646546,2020-03-26,20200326,1064,30018,16194864,164.99,0.00,164.99
16268802,497231346,2020-04-02,20200402,2027,31330,16295202,119.99,0.00,119.99
16307868,594829946,2020-04-02,20200402,1064,30018,16334268,164.99,0.00,164.99
16370982,505955946,2020-04-02,20200402,1064,6572,16397382,31.84,31.84,0.00
16386470,442711946,2020-04-02,20200402,1064,24454,16412870,4.99,4.99,0.00
16389638,458483946,2020-04-02,20200402,2027,24454,16416038,4.99,4.99,0.00
16505416,529431746,2020-04-09,20200409,2027,31322,16531816,79.99,0.00,79.99
16533220,475467746,2020-04-09,20200409,1064,30018,16559620,164.99,0.00,164.99
16580236,462379546,2020-04-09,20200409,1064,24454,16606636,4.99,4.99,0.00
16700754,583719146,2020-04-16,20200416,1064,31324,16727154,139.99,0.00,139.99
16768894,479267146,2020-04-16,20200416,2027,31330,16795294,119.99,0.00,119.99
16784872,549244346,2020-04-16,20200416,2027,6572,16811272,11.96,11.96,0.00
16799244,482932346,2020-04-16,20200416,1064,24454,16825644,4.99,4.99,0.00
16803508,468952346,2020-04-16,20200416,2027,24454,16829908,4.99,4.99,0.00
16907982,489164746,2020-04-23,20200423,1064,30018,16934382,164.99,0.00,164.99
16976742,496310746,2020-04-23,20200423,2027,35154,17003142,119.99,0.00,119.99
17003202,482706746,2020-04-23,20200423,2027,6572,17029602,3.98,3.98,0.00
17013534,494948866,2020-04-23,20200423,2027,24454,17039934,4.99,4.99,0.00
17118450,504946866,2020-04-30,20200430,1064,35152,17144850,174.99,0.00,174.99
17123334,499866866,2020-04-30,20200430,2027,35154,17149734,119.99,0.00,119.99
17295550,559697266,2020-05-07,20200507,1064,38942,17321950,129.99,0.00,129.99
17319286,527035266,2020-05-07,20200507,2027,35154,17345686,119.99,0.00,119.99
17446424,570771866,2020-05-07,20200507,1064,24454,17472826,4.99,4.99,0.00
17517334,479473666,2020-05-14,20200514,2027,35154,17543734,119.99,0.00,119.99
17538250,476777666,2020-05-14,20200514,1064,35148,17564650,139.99,0.00,139.99
17666654,564995466,2020-05-14,20200514,2027,6572,17693054,7.96,7.96,0.00
17670566,433155466,2020-05-14,20200514,1064,24454,17696966,4.99,4.99,0.00
17786286,514975066,2020-05-21,20200521,1064,35148,17812686,139.99,0.00,139.99
17819856,502887066,2020-05-21,20200521,2027,35154,17846256,119.99,0.00,119.99
17885540,432496266,2020-05-21,20200521,2027,6572,17911940,5.98,5.98,0.00
17895142,535116266,2020-05-21,20200521,1064,24454,17921542,4.99,4.99,0.00
18036418,475570666,2020-05-28,20200528,2027,35154,18062818,119.99,0.00,119.99
18075542,565768906,2020-05-28,20200528,1064,35148,18101942,139.99,0.00,139.99
18076682,425348906,2020-05-28,20200528,1064,6572,18103082,7.96,7.96,0.00
18090440,445144906,2020-05-28,20200528,2027,6572,18116840,7.96,7.96,0.00
18104122,534912906,2020-05-28,20200528,1064,24454,18130522,4.99,4.99,0.00
18108506,434898906,2020-05-28,20200528,2027,24454,18134906,4.99,4.99,0.00
18205722,511184506,2020-06-04,20200604,1064,35148,18232114,133.95,0.00,133.95
18229188,594258506,2020-06-04,20200604,2027,35154,18255580,119.90,0.00,119.90
18288876,588302506,2020-06-04,20200604,1064,6572,18315268,11.96,11.96,0.00
18300716,444746506,2020-06-04,20200604,2027,6572,18327108,5.98,5.98,0.00
18317894,565069306,2020-06-04,20200604,1064,24454,18344286,4.99,4.99,0.00
18399242,433643306,2020-06-11,20200611,1064,35148,18425634,133.95,0.00,133.95
18407002,464303306,2020-06-11,20200611,2027,35154,18433394,119.90,0.00,119.90
18490504,474855906,2020-06-11,20200611,1064,6572,18516896,43.92,43.92,0.00
18514458,517671906,2020-06-11,20200611,2027,6572,18540850,27.94,27.94,0.00
18652224,586787706,2020-06-18,20200618,1064,35148,18678616,133.95,0.00,133.95
18668182,478749506,2020-06-18,20200618,2027,35150,18694574,99.98,0.00,99.98
18714786,484657506,2020-06-18,20200618,2027,6572,18741178,31.92,31.92,0.00
18725514,499295506,2020-06-18,20200618,2027,24454,18751906,4.99,4.99,0.00
18779820,495649106,2020-06-25,20200625,1064,35152,18806212,164.98,0.00,164.98
18786068,444349106,2020-06-25,20200625,2027,35146,18812460,78.93,0.00,78.93
18884356,542447106,2020-06-25,20200625,1064,6572,18910748,27.96,27.96,0.00
18898818,484528306,2020-06-25,20200625,1064,24454,18925210,4.99,4.99,0.00
18994590,512362306,2020-07-02,20200702,2027,35146,19020982,78.93,0.00,78.93
19188546,494336934,2020-07-09,20200709,1064,35148,19214938,133.95,0.00,133.95
19228704,497982934,2020-07-09,20200709,2027,35146,19255096,78.93,0.00,78.93
19265746,468244534,2020-07-09,20200709,2027,6572,19292138,11.94,11.94,0.00
19276598,429292534,2020-07-09,20200709,2027,24454,19302990,4.99,4.99,0.00
19386366,491785334,2020-07-16,20200716,1064,35148,19412762,133.95,0.00,133.95
19425242,434597334,2020-07-16,20200716,2027,35146,19451634,78.93,0.00,78.93
19434908,432295334,2020-07-16,20200716,1064,6572,19461300,11.96,11.96,0.00
19506776,566945934,2020-07-23,20200723,1064,35148,19533168,133.95,0.00,133.95
19539226,533897934,2020-07-23,20200723,2027,35146,19565618,78.93,0.00,78.93
19600984,537107934,2020-07-23,20200723,1064,6572,19627376,23.96,23.96,0.00
19718154,510907734,2020-07-30,20200730,1064,35152,19744546,164.98,0.00,164.98
19733854,474229534,2020-07-30,20200730,2027,35146,19760246,78.93,0.00,78.93
19763338,474859534,2020-07-30,20200730,1064,6572,19789730,7.96,7.96,0.00
19769496,491359534,2020-07-30,20200730,2027,6572,19795888,11.94,11.94,0.00
19869730,558933134,2020-08-06,20200806,1064,35148,19896122,133.95,0.00,133.95
19873940,578773134,2020-08-06,20200806,2027,35146,19900332,78.93,0.00,78.93
19925588,425971134,2020-08-06,20200806,2027,6572,19951980,17.94,17.94,0.00
19937268,513983134,2020-08-06,20200806,2027,24454,19963660,4.99,4.99,0.00
20038246,555490334,2020-08-13,20200813,2027,35146,20064638,78.93,0.00,78.93
20060716,472822334,2020-08-13,20200813,1064,35148,20087108,133.95,0.00,133.95
20075308,558866334,2020-08-13,20200813,1064,6572,20101700,11.96,11.96,0.00
20085864,495308734,2020-08-13,20200813,2027,6572,20112256,17.94,17.94,0.00
20173144,472582734,2020-08-20,20200820,2027,35146,20199536,78.93,0.00,78.93
20193430,476866734,2020-08-20,20200820,1064,35148,20219822,133.95,0.00,133.95
20247132,588678894,2020-08-20,20200820,1064,6572,20273524,7.96,7.96,0.00
20252742,491196894,2020-08-20,20200820,2027,6572,20279134,17.94,17.94,0.00
20263510,524534894,2020-08-20,20200820,2027,24454,20289902,4.99,4.99,0.00
20313744,493488494,2020-08-27,20200827,2027,35146,20340136,78.93,0.00,78.93
20338028,445264494,2020-08-27,20200827,1064,35148,20364420,133.95,0.00,133.95
20427090,487306494,2020-08-27,20200827,2027,6572,20453482,17.94,17.94,0.00
20438228,434769294,2020-08-27,20200827,2027,24454,20464620,4.99,4.99,0.00
20500104,595935294,2020-09-03,20200903,1064,35152,20526496,164.98,0.00,164.98
20508552,510475294,2020-09-03,20200903,2027,35146,20534942,78.93,0.00,78.93
20542002,492567294,2020-09-03,20200903,2027,6572,20568394,17.94,17.94,0.00
20546720,459827294,2020-09-03,20200903,1064,24454,20573112,4.99,4.99,0.00
20547286,543027294,2020-09-03,20200903,2027,24454,20573678,4.99,4.99,0.00
20717594,445439694,2020-09-10,20200910,1064,35148,20743986,133.95,0.00,133.95
20782390,468827694,2020-09-10,20200910,2027,35146,20808782,78.93,0.00,78.93
20810640,597865494,2020-09-10,20200910,2027,6572,20837032,17.94,17.94,0.00
20821450,464313494,2020-09-10,20200910,2027,24454,20847842,4.99,4.99,0.00
20956564,533697094,2020-09-17,20200917,2027,35150,20982956,99.98,0.00,99.98
20962932,494377094,2020-09-17,20200917,1064,35148,20989324,133.95,0.00,133.95
21022168,465688294,2020-09-17,20200917,2027,6572,21048560,23.92,23.92,0.00
21032530,545428294,2020-09-17,20200917,2027,24454,21058922,4.99,4.99,0.00
21156940,524724694,2020-09-24,20200924,2027,35154,21183332,119.90,0.00,119.90
21185600,569578694,2020-09-24,20200924,1064,35148,21211992,133.95,0.00,133.95
21236452,547982694,2020-09-24,20200924,1064,6572,21262844,23.96,23.96,0.00
21250266,492786694,2020-09-24,20200924,1064,24454,21276660,4.99,4.99,0.00
21253832,453906694,2020-09-24,20200924,2027,6572,21280224,17.94,17.94,0.00
21253920,483906694,2020-09-24,20200924,2027,24454,21280312,4.99,4.99,0.00
21298194,508298974,2020-09-27,20200927,1064,44754,21324586,139.99,97.99,42.00
21305324,429158974,2020-09-28,20200928,2027,44754,21331716,139.99,97.99,42.00
21356934,490942974,2020-10-01,20201001,2027,35150,21383326,99.98,0.00,99.98
21452176,535834574,2020-10-01,20201001,1064,35148,21478568,133.95,0.00,133.95
21474050,575962574,2020-10-01,20201001,2027,6572,21500442,19.92,19.92,0.00
21478132,522422574,2020-10-01,20201001,1064,24454,21504524,4.99,4.99,0.00
21557890,524637374,2020-10-08,20201008,1064,35152,21584282,164.98,0.00,164.98
21628362,585325974,2020-10-08,20201008,2027,35150,21654754,99.98,0.00,99.98
21669954,487197974,2020-10-08,20201008,1064,6572,21696346,7.96,7.96,0.00
21678188,571895974,2020-10-08,20201008,2027,6572,21704580,47.92,47.92,0.00
21681060,497935974,2020-10-08,20201008,1064,24454,21707452,4.99,4.99,0.00
21685522,467955974,2020-10-08,20201008,2027,24454,21711914,4.99,4.99,0.00
21758196,595253774,2020-10-15,20201015,1064,35148,21784588,133.95,0.00,133.95
21848684,565889574,2020-10-15,20201015,2027,35146,21875076,78.93,0.00,78.93
21900230,459079574,2020-10-15,20201015,1064,24454,21926626,4.99,4.99,0.00
21901860,518297574,2020-10-15,20201015,2027,6572,21928252,11.94,11.94,0.00
21903602,564937574,2020-10-15,20201015,2027,24454,21929994,4.99,4.99,0.00
21981076,558445174,2020-10-22,20201022,2027,35146,22007468,78.93,0.00,78.93
22060132,559843174,2020-10-22,20201022,1064,35152,22086524,164.98,0.00,164.98
22139828,458936374,2020-10-22,20201022,1064,24454,22166220,4.99,4.99,0.00
22162248,511874374,2020-10-22,20201022,1064,40,22188640,0.00,0.00,0.00
22238144,453712774,2020-10-29,20201029,2027,35146,22264536,78.93,0.00,78.93
22306798,529462774,2020-10-29,20201029,1064,35148,22333190,133.95,0.00,133.95
22382576,443717034,2020-10-29,20201029,2027,6572,22408968,17.94,17.94,0.00
22391248,473795034,2020-10-29,20201029,1064,24454,22417640,4.99,4.99,0.00
22546976,575326634,2020-11-05,20201105,1064,35148,22573368,133.95,0.00,133.95
22567290,489229434,2020-11-05,20201105,2027,35146,22593682,78.93,0.00,78.93
22611928,476257434,2020-11-05,20201105,1064,6572,22638320,23.96,23.96,0.00
22621920,493077434,2020-11-05,20201105,2027,6572,22648312,17.94,17.94,0.00
22626054,511735434,2020-11-05,20201105,1064,24454,22652446,4.99,4.99,0.00
22775312,428744034,2020-11-12,20201112,2027,35146,22801704,78.93,0.00,78.93
22815086,574505834,2020-11-12,20201112,1064,35148,22841478,133.95,0.00,133.95
22857600,589877834,2020-11-12,20201112,1064,6572,22883992,11.96,11.96,0.00
22866076,538555834,2020-11-12,20201112,2027,6572,22892468,17.94,17.94,0.00
23013552,591223634,2020-11-19,20201119,2027,35150,23039946,99.98,0.00,99.98
23048770,469765234,2020-11-19,20201119,1064,35148,23075162,133.95,0.00,133.95
23102532,507355234,2020-11-19,20201119,1064,6572,23128924,11.96,11.96,0.00
23109786,511251234,2020-11-19,20201119,2027,6572,23136180,11.96,11.96,0.00
23112170,456731234,2020-11-19,20201119,1064,24454,23138562,4.99,4.99,0.00
23271926,575768834,2020-11-26,20201126,1064,35148,23298318,133.95,0.00,133.95
23362010,451382834,2020-11-26,20201126,1064,24454,23388402,4.99,4.99,0.00
23393072,439509014,2020-11-27,20201127,2027,45904,23419464,139.99,97.99,42.00
23450802,482455014,2020-12-02,20201202,1064,45906,23477194,237.98,166.59,71.39
23458182,499315014,2020-12-03,20201203,1064,35148,23484574,133.95,0.00,133.95
23574354,496774614,2020-12-03,20201203,2027,35146,23600746,78.93,0.00,78.93
23645322,517465414,2020-12-03,20201203,1064,24454,23671714,4.99,4.99,0.00
23758704,519946014,2020-12-10,20201210,1064,35152,23785096,164.98,0.00,164.98
23872828,463525814,2020-12-10,20201210,2027,35154,23899220,119.90,0.00,119.90
23880318,484225814,2020-12-10,20201210,1064,6572,23906710,23.96,23.96,0.00
23889420,512953814,2020-12-10,20201210,2027,6572,23915812,23.90,23.90,0.00
23903376,497559814,2020-12-10,20201210,2027,24454,23929768,12.99,12.99,0.00
24023762,454439614,2020-12-17,20201217,1064,35148,24050154,133.95,0.00,133.95
24080730,493247614,2020-12-17,20201217,2027,35150,24107122,99.98,0.00,99.98
24096368,430729214,2020-12-17,20201217,1064,6572,24122760,7.96,7.96,0.00
24115152,590305214,2020-12-17,20201217,2027,24454,24141544,12.99,12.99,0.00
24177624,499171214,2020-12-24,20201224,2027,35150,24204016,99.98,0.00,99.98
24264022,474696414,2020-12-24,20201224,1064,35148,24290414,133.95,0.00,133.95
24388776,511756814,2020-12-31,20201231,2027,35146,24415168,78.93,0.00,78.93
24441024,593946814,2020-12-31,20201231,1064,35148,24467416,133.95,0.00,133.95
24529716,510590994,2020-12-31,20201231,1064,24454,24556108,4.99,4.99,0.00
24631564,478854594,2021-01-07,20210107,1064,35148,24657956,133.95,0.00,133.95
24679948,469226594,2021-01-07,20210107,2027,35146,24706340,78.93,0.00,78.93
24799258,534867394,2021-01-07,20210107,2027,6572,24825650,11.94,11.94,0.00
24946686,514453794,2021-01-14,20210114,2027,35154,24973078,119.90,0.00,119.90
24994070,445115794,2021-01-14,20210114,1064,35148,25020462,133.95,0.00,133.95
25112680,552835594,2021-01-14,20210114,1064,24454,25139070,4.99,4.99,0.00
25116248,433691594,2021-01-14,20210114,2027,24454,25142640,4.99,4.99,0.00
25238668,467991194,2021-01-21,20210121,2027,35154,25265064,119.90,0.00,119.90
25312224,588672394,2021-01-21,20210121,1064,35152,25338616,164.98,0.00,164.98
25393966,554648794,2021-01-21,20210121,1064,6572,25420358,23.96,23.96,0.00
25406246,439844794,2021-01-21,20210121,2027,6572,25432638,41.90,41.90,0.00
25409624,573184794,2021-01-21,20210121,1064,24454,25436016,4.99,4.99,0.00
25414814,433224794,2021-01-21,20210121,2027,24454,25441206,4.99,4.99,0.00
25550006,562698954,2021-01-28,20210128,1064,35148,25576398,133.95,0.00,133.95
25661648,427752554,2021-01-28,20210128,2027,35154,25688040,119.90,0.00,119.90
25701846,484514554,2021-01-28,20210128,2027,6572,25728238,7.96,7.96,0.00
25708720,476250554,2021-01-28,20210128,1064,24454,25735112,4.99,4.99,0.00
25813920,586655354,2021-02-04,20210204,1064,35148,25840312,133.95,0.00,133.95
25927162,547437954,2021-02-04,20210204,2027,35154,25953554,119.90,0.00,119.90
25963842,598343954,2021-02-04,20210204,1064,6572,25990234,11.96,11.96,0.00
25976396,423947954,2021-02-04,20210204,1064,24454,26002788,4.99,4.99,0.00
25978232,425107954,2021-02-04,20210204,2027,6572,26004624,23.90,23.90,0.00
25980776,447867954,2021-02-04,20210204,2027,24454,26007164,4.99,4.99,0.00
26076450,596923754,2021-02-11,20210211,1064,35148,26102842,133.95,0.00,133.95
26091294,485387754,2021-02-11,20210211,2027,35154,26117686,119.90,0.00,119.90
26250596,457773154,2021-02-11,20210211,2027,6572,26276988,7.96,7.96,0.00
26261494,550739154,2021-02-11,20210211,2027,24454,26287886,4.99,4.99,0.00
26403352,559254354,2021-02-18,20210218,1064,35152,26429744,164.98,0.00,164.98
26447638,471566354,2021-02-18,20210218,2027,35154,26474030,119.90,0.00,119.90
26516040,489516754,2021-02-18,20210218,2027,6572,26542432,17.94,17.94,0.00
26531240,562634754,2021-02-18,20210218,1064,24454,26557632,4.99,4.99,0.00
26533226,429890754,2021-02-18,20210218,2027,24454,26559618,4.99,4.99,0.00
26544096,504230754,2021-02-19,20210219,3666,35138,26570488,154.99,120.00,34.99
26667392,573922874,2021-02-25,20210225,2027,35154,26693744,119.90,0.00,119.90
26745414,486256474,2021-02-25,20210225,1064,35148,26771766,133.95,0.00,133.95
26785936,529122474,2021-02-25,20210225,2027,6572,26812288,23.90,23.90,0.00
26906524,559963274,2021-03-04,20210304,2027,35154,26932876,119.90,0.00,119.90
26919908,449567274,2021-03-04,20210304,3666,35138,26946260,154.99,100.00,54.99
26923232,436307274,2021-03-04,20210304,1064,35148,26949584,133.95,0.00,133.95
27041796,518427874,2021-03-04,20210304,2027,6572,27068148,11.94,11.94,0.00
27045836,458689674,2021-03-04,20210304,3666,24454,27072190,4.99,0.00,4.99
27160924,470227674,2021-03-11,20210311,2027,35154,27187276,119.90,0.00,119.90
27206162,448739474,2021-03-11,20210311,1064,35148,27232514,133.95,0.00,133.95
27290594,424309074,2021-03-11,20210311,3666,35138,27316946,154.99,100.00,54.99
27303138,515905074,2021-03-11,20210311,2027,6572,27329490,11.94,11.94,0.00
27388658,436927074,2021-03-18,20210318,2027,35154,27415010,119.90,0.00,119.90
27394316,456747074,2021-03-18,20210318,1064,35148,27420668,133.95,0.00,133.95
27402062,573328274,2021-03-18,20210318,2027,6572,27428414,11.94,11.94,0.00
27403538,579388274,2021-03-18,20210318,1064,24454,27429890,4.99,4.99,0.00
27641142,509368914,2021-03-25,20210325,2027,35154,27667494,119.90,0.00,119.90
27653016,599984914,2021-03-25,20210325,1064,35148,27679368,133.95,0.00,133.95
27866002,469746514,2021-03-30,20210330,1064,35148,27892354,133.95,0.00,133.95
27883878,497069314,2021-03-31,20210331,1064,35148,27910230,133.95,0.00,133.95
27890724,591965314,2021-04-01,20210401,2027,35154,27917076,119.90,0.00,119.90
27906804,507913314,2021-04-01,20210401,1064,6572,27933156,5.98,5.98,0.00
27907372,536313314,2021-04-01,20210401,2027,6572,27933724,25.90,25.90,0.00
28164590,453397714,2021-04-08,20210408,2027,35146,28190938,78.93,0.00,78.93
28175274,505455714,2021-04-08,20210408,1064,35148,28201626,133.95,0.00,133.95
28343364,482267514,2021-04-11,20210411,3666,35138,28369716,154.99,55.00,99.99
28424182,475251114,2021-04-15,20210415,2027,35154,28450534,119.90,0.00,119.90
28433236,477631114,2021-04-15,20210415,1064,35148,28459588,133.95,0.00,133.95
28440736,543583114,2021-04-15,20210415,1064,6572,28467088,11.96,11.96,0.00
28441074,586383114,2021-04-15,20210415,2027,6572,28467426,25.90,25.90,0.00
28691598,599166714,2021-04-22,20210422,2027,35150,28717950,99.98,0.00,99.98
28693390,478746714,2021-04-22,20210422,1064,35148,28719740,133.95,0.00,133.95
28697682,586266714,2021-04-22,20210422,1064,6572,28724034,7.96,7.96,0.00
28956460,473905340,2021-04-29,20210429,2027,35154,28982886,119.90,0.00,119.90
28956568,467905340,2021-04-29,20210429,1064,35148,28982992,133.95,0.00,133.95
28963496,430533340,2021-04-29,20210429,2027,6572,28989922,11.94,11.94,0.00
29240850,583995740,2021-05-06,20210506,2027,35154,29268328,119.90,0.00,119.90
29252878,549131740,2021-05-06,20210506,1064,35148,29280356,133.95,0.00,133.95
29257632,518751740,2021-05-06,20210506,2027,6572,29285110,29.90,29.90,0.00
29258956,534311740,2021-05-06,20210506,1064,24454,29286510,9.99,9.99,0.00
29511504,516887140,2021-05-13,20210513,2027,35146,29540088,78.93,0.00,78.93
29578410,516696340,2021-05-14,20210514,1064,35152,29607046,164.98,0.00,164.98
29596286,422574340,2021-05-14,20210514,1064,6572,29624924,23.96,23.96,0.00
29807166,594378900,2021-05-20,20210520,1064,35148,29836488,133.95,0.00,133.95
29813968,535696900,2021-05-20,20210520,2027,35154,29843290,119.90,0.00,119.90
29817076,471536900,2021-05-20,20210520,1064,6572,29846398,7.96,7.96,0.00
29817664,558996900,2021-05-20,20210520,2027,6572,29846986,19.90,19.90,0.00
30068780,577375300,2021-05-27,20210527,2027,35146,30098754,78.93,0.00,78.93
30081476,422791300,2021-05-27,20210527,1064,35148,30111450,133.95,0.00,133.95
30344020,556967700,2021-06-03,20210603,2027,35154,30374518,119.90,0.00,119.90
30352346,447089500,2021-06-03,20210603,1064,35148,30382844,133.95,0.00,133.95
30357874,529569500,2021-06-03,20210603,1064,6572,30388372,7.96,7.96,0.00
30605260,469384300,2021-06-10,20210610,2027,35152,30636260,164.98,0.00,164.98
30617300,439732300,2021-06-10,20210610,1064,35148,30648300,133.95,0.00,133.95
30861712,524472980,2021-06-17,20210617,2027,35152,30893238,164.98,0.00,164.98
30871258,549158980,2021-06-17,20210617,1064,35148,30902784,133.95,0.00,133.95
30878582,573056980,2021-06-17,20210617,2027,6572,30910106,3.96,3.96,0.00
31107558,591159380,2021-06-24,20210624,1064,35148,31139486,133.95,0.00,133.95
31111208,453279380,2021-06-24,20210624,2027,35152,31143136,164.98,0.00,164.98
31319850,585825780,2021-07-01,20210701,2027,35146,31352148,78.93,0.00,78.93
31323058,547693780,2021-07-01,20210701,1064,35148,31355356,133.95,0.00,133.95
31328388,502573780,2021-07-01,20210701,2027,6572,31360686,17.94,17.94,0.00
31485464,456795580,2021-07-05,20210705,1064,35148,31518056,133.95,123.95,10.00
31518538,555463580,2021-07-08,20210708,2027,35152,31551184,164.98,0.00,164.98
31721906,426974380,2021-07-15,20210715,2027,35154,31754810,119.90,0.00,119.90
31724380,532354380,2021-07-15,20210715,1064,35148,31757284,133.95,0.00,133.95
31727344,476234380,2021-07-15,20210715,1064,6572,31760248,23.96,23.96,0.00
31729208,568490380,2021-07-15,20210715,1064,24454,31762130,9.99,9.99,0.00
31731624,507050380,2021-07-15,20210715,4242,35138,31764558,254.99,190.75,64.34
31830614,449116780,2021-07-22,20210722,4242,6572,31863648,7.96,0.00,7.96
31911006,592225040,2021-07-22,20210722,2027,35152,31944236,164.98,0.00,164.98
31991086,535063040,2021-07-24,20210724,1064,35148,32024440,133.95,0.00,133.95
32107842,512222640,2021-07-29,20210729,2027,35152,32141356,164.98,0.00,164.98
32206850,457191440,2021-07-31,20210731,1064,35148,32240470,133.95,0.00,133.95
32209310,435951440,2021-07-31,20210731,1064,6572,32242930,47.92,47.92,0.00
32214180,591071440,2021-07-31,20210731,1064,24454,32247830,4.99,4.99,0.00
32286890,437580040,2021-08-05,20210805,1064,35148,32320694,133.95,0.00,133.95
32288870,430760040,2021-08-05,20210805,2027,35152,32322672,164.98,0.00,164.98
32380604,448745840,2021-08-07,20210807,4242,35138,32414582,154.99,58.12,96.87
32472796,468507840,2021-08-12,20210812,2027,35152,32506972,164.98,0.00,164.98
32477798,427689640,2021-08-12,20210812,1064,35152,32511974,164.98,0.00,164.98
32483200,473369640,2021-08-12,20210812,1064,6572,32517376,7.96,7.96,0.00
32484820,473949640,2021-08-12,20210812,1064,48956,32519050,13.99,13.99,0.00
32653566,506977240,2021-08-19,20210819,2027,35148,32688756,133.95,0.00,133.95
32662304,446855240,2021-08-19,20210819,1064,35148,32697494,133.95,0.00,133.95
32843350,537268840,2021-08-26,20210826,2027,35152,32880786,164.98,0.00,164.98
32852108,437344840,2021-08-26,20210826,1064,35148,32889544,133.95,0.00,133.95
32856446,433264840,2021-08-26,20210826,1064,48956,32893986,8.49,8.49,0.00
32930716,470542840,2021-08-28,20210828,4242,35138,32969088,154.99,51.61,103.38
33057374,574927020,2021-09-02,20210902,2027,35152,33097210,164.98,41.24,123.74
33200226,518845420,2021-09-05,20210905,1064,35148,33241764,133.95,33.49,100.46
33217662,588973420,2021-09-05,20210905,1064,47946,33259386,7.99,7.99,0.00
33266894,567051420,2021-09-09,20210909,2027,35148,33309050,133.95,33.49,100.46
33269350,469791420,2021-09-09,20210909,1064,35148,33311506,133.95,33.49,100.46
33513112,523471820,2021-09-16,20210916,2027,35152,33557392,164.98,41.24,123.74
33518550,599983820,2021-09-16,20210916,1064,35148,33562832,133.95,33.49,100.46
33525554,574463820,2021-09-16,20210916,1064,6572,33569834,7.96,7.96,0.00
33528924,519647820,2021-09-16,20210916,1064,49588,33573374,15.00,15.00,0.00
33764724,506447220,2021-09-23,20210923,2027,35146,33811910,78.93,19.73,59.20
33769576,527767220,2021-09-23,20210923,1064,35148,33816762,133.95,33.49,100.46
33779612,423928420,2021-09-23,20210923,2027,6572,33826798,11.94,11.94,0.00
34013570,568689000,2021-09-29,20210929,1064,49906,34063216,139.99,139.99,0.00
34013610,512689000,2021-09-29,20210929,1064,49908,34063256,219.99,219.99,0.00
34026104,439685000,2021-09-30,20210930,1064,35152,34075750,164.98,41.24,123.74
34029556,550325000,2021-09-30,20210930,2027,35146,34079202,78.93,19.73,59.20
34034308,548505000,2021-09-30,20210930,1064,6572,34083954,7.96,7.96,0.00
34036800,496225000,2021-09-30,20210930,1064,47946,34086548,7.99,7.99,0.00
34264470,582645400,2021-10-07,20211007,2027,35150,34316180,99.98,24.99,74.99
34331418,508731400,2021-10-08,20211008,1064,35152,34383350,164.98,41.24,123.74
34332634,535191400,2021-10-08,20211008,1064,6572,34384566,27.92,27.92,0.00
34338394,525031400,2021-10-08,20211008,1064,47946,34390572,14.98,14.98,0.00
34488592,553129800,2021-10-14,20211014,2027,35146,34543408,78.93,19.73,59.20
34492608,509749800,2021-10-14,20211014,1064,35148,34547424,133.95,33.49,100.46
34503606,506785800,2021-10-14,20211014,1064,6572,34558422,11.92,11.92,0.00
34742104,545545200,2021-10-21,20211021,2027,35150,34799090,99.98,24.99,74.99
34747564,463293200,2021-10-21,20211021,1064,35148,34804550,133.95,33.49,100.46
34998466,475858800,2021-10-28,20211028,2027,35154,35057358,119.90,29.97,89.93
35002808,457978800,2021-10-28,20211028,1064,35148,35061700,133.95,33.49,100.46
35240654,435758560,2021-11-03,20211103,2027,35154,35301936,119.90,29.97,89.93
35265384,513774560,2021-11-04,20211104,1064,35148,35326810,133.95,33.49,100.46
35478004,471319960,2021-11-10,20211110,2027,35154,35540966,119.90,29.97,89.93
35501308,555375960,2021-11-11,20211111,1064,35148,35564406,133.95,33.49,100.46
35510712,491051960,2021-11-11,20211111,1064,6572,35573812,11.96,11.96,0.00
35737350,490575560,2021-11-17,20211117,2027,35154,35803078,119.90,29.97,89.93
35765504,457743560,2021-11-18,20211118,1064,35148,35831352,133.95,33.49,100.46
35993548,524670360,2021-11-24,20211124,2027,50558,36061708,133.95,33.49,100.46
36018952,547266360,2021-11-25,20211125,1064,35148,36087266,133.95,33.49,100.46
36265794,491508480,2021-12-01,20211201,2027,50558,36336112,133.95,33.49,100.46
36272588,575324480,2021-12-01,20211201,2027,6572,36342906,17.94,17.94,0.00
36293454,519432480,2021-12-02,20211202,1064,35148,36363954,133.95,33.49,100.46
36526494,587953880,2021-12-09,20211209,1064,35148,36599858,133.95,33.49,100.46
36527636,426513880,2021-12-09,20211209,2027,50558,36601000,133.95,33.49,100.46
36538806,586379880,2021-12-09,20211209,1064,6572,36612170,19.96,19.96,0.00
36671944,470517680,2021-12-11,20211211,1064,50228,36746962,139.99,98.00,41.99
36750156,494345480,2021-12-15,20211215,2027,35148,36826470,133.95,33.49,100.46
36773614,538799480,2021-12-16,20211216,1064,35148,36850058,133.95,33.49,100.46
36775064,432779480,2021-12-16,20211216,1064,6572,36851508,7.96,7.96,0.00
36776956,466519480,2021-12-16,20211216,1064,24454,36853502,4.99,4.99,0.00
36924804,515475080,2021-12-22,20211222,2027,35148,37003262,133.95,33.49,100.46
36930260,433991080,2021-12-22,20211222,2027,47946,37008786,7.49,7.49,0.00
36997036,556572280,2021-12-25,20211225,1064,35148,37076176,133.95,33.49,100.46
37017332,442896280,2021-12-25,20211225,1064,24454,37096660,4.99,4.99,0.00
37081688,569266280,2021-12-29,20211229,2027,35152,37161698,164.98,41.24,123.74
37087082,458728680,2021-12-29,20211229,2027,6572,37167092,7.96,7.96,0.00
37088170,549188680,2021-12-29,20211229,2027,48956,37168284,9.99,9.99,0.00
37184970,594822680,2022-01-01,20220101,1064,35152,37265716,164.98,41.24,123.74
37220150,430564920,2022-01-01,20220101,1064,6572,37300896,27.92,27.92,0.00
37322760,585528520,2022-01-05,20220105,2027,35152,37404626,164.98,41.24,123.74
37328492,437708520,2022-01-05,20220105,2027,6572,37410358,7.96,7.96,0.00
37329784,557828520,2022-01-05,20220105,2027,50822,37411780,4.99,4.99,0.00
37350024,497392520,2022-01-06,20220106,1064,35148,37432050,133.95,33.49,100.46
37643122,531311920,2022-01-13,20220113,1064,35148,37727874,133.95,33.49,100.46
37644704,457831920,2022-01-13,20220113,2027,35148,37729456,133.95,33.49,100.46
37654620,490543920,2022-01-13,20220113,1064,6572,37739372,11.96,11.96,0.00
37657140,492703920,2022-01-13,20220113,2027,50822,37742054,7.49,7.49,0.00
37929982,478945120,2022-01-19,20220119,2027,35148,38017578,133.95,33.49,100.46
37938768,490933120,2022-01-19,20220119,2027,6572,38026362,23.88,23.88,0.00
37963482,492857120,2022-01-20,20220120,1064,35148,38051222,133.95,33.49,100.46
38178376,551972720,2022-01-15,20220115,3666,35134,38268182,123.96,61.98,61.98
38250598,476662720,2022-01-26,20220126,2027,35148,38341542,133.95,33.49,100.46
38259380,430746720,2022-01-26,20220126,2027,24454,38350446,9.99,9.99,0.00
38275944,489868938,2022-01-27,20220127,1064,35148,38367044,133.95,33.49,100.46
38285290,531144938,2022-01-27,20220127,1064,6572,38376390,19.96,19.96,0.00
38480502,591562538,2022-01-30,20220130,3666,50612,38573116,176.61,88.31,88.30
38578512,590275338,2022-02-02,20220202,2027,35148,38671884,133.95,33.49,100.46
38599496,453343338,2022-02-03,20220203,1064,35148,38693030,133.95,33.49,100.46
38801548,536277738,2022-02-06,20220206,3666,35134,38897096,123.96,24.79,99.17
38893898,436499538,2022-02-09,20220209,2027,35152,38990390,164.98,41.24,123.74
38910392,459737538,2022-02-09,20220209,2027,51260,39007008,14.98,14.98,0.00
38924984,439795538,2022-02-10,20220210,1064,35148,39021654,133.95,33.49,100.46
38937114,512331538,2022-02-10,20220210,1064,50822,39033884,4.99,4.99,0.00
39151172,435556338,2022-02-13,20220213,3666,35134,39249750,123.96,24.79,99.17
39297426,496710738,2022-02-18,20220218,1064,51646,39397328,186.60,46.65,139.95
39321262,535346738,2022-02-18,20220218,1064,6572,39421164,55.92,55.92,0.00
39443066,456226898,2022-02-20,20220220,2027,35148,39544616,133.95,33.49,100.46
39449306,426988498,2022-02-20,20220220,2027,6572,39550856,11.96,11.96,0.00
39529164,586390498,2022-02-24,20220224,1064,35148,39631950,133.95,33.49,100.46
39723132,592659898,2022-02-27,20220227,2027,35146,39828804,78.93,19.73,59.20
39832784,444553698,2022-03-02,20220302,2027,35148,39939936,133.95,33.49,100.46
39856664,437797698,2022-03-03,20220303,1064,35148,39964062,133.95,33.49,100.46
40171922,455184298,2022-03-10,20220310,1064,35148,40283508,133.95,33.49,100.46
40177314,503824298,2022-03-10,20220310,1064,6572,40288900,11.96,11.96,0.00
40240610,454350298,2022-03-11,20220311,2027,35148,40352394,133.95,33.49,100.46
40352596,543450698,2022-03-13,20220313,3666,35138,40466620,154.99,103.28,51.71
40380784,542726698,2022-03-13,20220313,3666,6572,40494808,3.96,0.00,3.96
40466722,472634978,2022-03-17,20220317,1064,35148,40582236,133.95,33.49,100.46
40476308,577750978,2022-03-17,20220317,1064,6572,40591822,7.96,7.96,0.00
40496544,519846978,2022-03-18,20220318,2027,35148,40612278,133.95,33.49,100.46
40769982,512665978,2022-03-24,20220324,1064,35148,40889100,133.95,33.49,100.46
41004504,507025578,2022-03-28,20220328,2027,35146,41126782,78.93,19.73,59.20
41074364,425043578,2022-03-31,20220331,1064,35148,41197378,133.95,33.49,100.46
41302832,577950378,2022-04-04,20220404,2027,35146,41428712,78.93,19.73,59.20
41330200,478506378,2022-04-04,20220404,2027,50822,41456440,37.45,37.45,0.00
41365896,483592778,2022-04-07,20220407,2027,35146,41492492,78.93,19.73,59.20
41375406,596458778,2022-04-07,20220407,1064,35148,41502002,133.95,33.49,100.46
41669504,446362638,2022-04-14,20220414,2027,35148,41799576,133.95,33.49,100.46
41951270,424493838,2022-04-21,20220421,2027,35150,42084358,99.98,24.99,74.99
41960222,457313838,2022-04-21,20220421,1064,35148,42093310,133.95,33.49,100.46
41963876,448273838,2022-04-21,20220421,1064,6572,42096964,19.96,19.96,0.00
42233952,584955238,2022-04-28,20220428,2027,35150,42369868,99.98,24.99,74.99
42368862,587630438,2022-04-30,20220430,1064,35152,42505814,164.98,41.24,123.74
42384298,464486438,2022-04-30,20220430,1064,6572,42521250,7.96,7.96,0.00
42393276,515306438,2022-04-30,20220430,1064,51260,42530566,4.99,4.99,0.00
42506128,533126838,2022-05-05,20220505,2027,51646,42645230,186.60,46.65,139.95
42510208,479746838,2022-05-05,20220505,1064,35148,42649310,133.95,33.49,100.46
42519250,533129018,2022-05-05,20220505,2027,6572,42658352,15.92,15.92,0.00
42775534,533625418,2022-05-12,20220512,2027,35146,42917964,78.93,19.73,59.20
42781166,449933418,2022-05-12,20220512,1064,35148,42923596,133.95,33.49,100.46
42785680,463953418,2022-05-12,20220512,1064,6572,42928110,7.96,7.96,0.00
43047464,562777818,2022-05-19,20220519,2027,35146,43193412,78.93,19.73,59.20
43167042,506757618,2022-05-21,20220521,1064,35152,43314080,164.98,41.24,123.74
43300448,457635218,2022-05-26,20220526,1064,35148,43449628,130.00,32.50,97.50
43574884,557106818,2022-06-02,20220602,1064,51646,43727312,185.00,46.25,138.75
43579884,598448998,2022-06-02,20220602,1064,6572,43732312,19.96,19.96,0.00
43832076,484585398,2022-06-09,20220609,1064,35148,43989040,130.00,32.50,97.50
43835070,594545398,2022-06-09,20220609,2027,35146,43992034,73.00,18.25,54.75
44078958,509653798,2022-06-16,20220616,1064,35148,44239868,130.00,32.50,97.50
44307910,539745198,2022-06-23,20220623,2027,35146,44473904,73.00,18.25,54.75
44317284,492733198,2022-06-23,20220623,1064,35148,44483278,130.00,32.50,97.50
44524240,550288798,2022-06-30,20220630,2027,35146,44695100,73.00,18.25,54.75
44643826,526248958,2022-07-02,20220702,1064,35152,44816364,165.00,41.25,123.75
44646396,483588958,2022-07-02,20220702,1064,6572,44818934,23.96,23.96,0.00
44652976,558468958,2022-07-02,20220702,1064,48956,44825984,14.99,14.99,0.00
44732650,464270958,2022-07-07,20220707,2027,35154,44908050,115.00,28.75,86.25
44741382,484342958,2022-07-07,20220707,1064,35152,44916782,165.00,41.25,123.75
44947330,558995358,2022-07-14,20220714,2027,35146,45127828,73.00,18.25,54.75
45000123,651972666,2023-02-27,20230227,3666,13954,41666666,80.00,50.00,30.00
45149154,493713758,2022-07-21,20220721,2027,35146,45333786,73.00,18.25,54.75
45362166,485469158,2022-07-28,20220728,2027,35146,45550776,73.00,18.25,54.75
45417782,439055158,2022-07-29,20220729,1064,35148,45606794,130.00,32.50,97.50
45419022,509535158,2022-07-29,20220729,1064,6572,45608034,19.96,19.96,0.00
45427836,597475158,2022-07-29,20220729,1064,47946,45617460,9.99,9.99,0.00
45558208,532870358,2022-08-04,20220804,2027,35146,45752592,73.00,18.25,54.75
45758502,515856878,2022-08-11,20220811,2027,35146,45957428,73.00,18.25,54.75
45759328,550656878,2022-08-11,20220811,1064,35148,45958254,130.00,32.50,97.50
45956622,595325278,2022-08-18,20220818,2027,35150,46160348,95.00,23.75,71.25
45956712,585925278,2022-08-18,20220818,1064,35148,46160438,130.00,32.50,97.50
46164654,510687878,2022-08-25,20220825,2027,35146,46374076,73.00,18.25,54.75
46176746,579289678,2022-08-25,20220825,2027,50822,46386448,5.99,5.99,0.00
46233328,474997678,2022-08-26,20220826,1064,35152,46443122,165.00,41.25,123.75
46236122,446777678,2022-08-26,20220826,1064,6572,46445916,19.96,19.96,0.00
46382992,557111478,2022-09-01,20220901,1064,35148,46597578,130.00,32.50,97.50
46611980,448250278,2022-09-08,20220908,1064,35148,46831698,130.00,32.50,97.50
46879766,449746918,2022-09-15,20220915,1064,35148,47105576,130.00,32.50,97.50
47142242,453745918,2022-09-22,20220922,1064,35148,47375162,130.00,32.50,97.50
47144650,468425918,2022-09-22,20220922,1064,6572,47377570,7.96,7.96,0.00
47404198,532559518,2022-09-29,20220929,1064,35148,47644960,130.00,32.50,97.50
47730894,486564718,2022-10-07,20221007,1064,35152,47978854,165.00,41.25,123.75
47745026,444772718,2022-10-07,20221007,1064,6572,47992986,7.96,7.96,0.00
47931612,486302936,2022-10-13,20221013,1064,35148,48185530,130.00,32.50,97.50
48187252,526529936,2022-10-20,20221020,1064,35148,48446908,130.00,32.50,97.50
48448838,435453536,2022-10-27,20221027,1064,35148,48715228,130.00,32.50,97.50
48462832,529339536,2022-10-27,20221027,1064,47946,48729476,11.89,11.89,0.00
48718690,559116336,2022-11-03,20221103,1064,35148,48991002,130.00,32.50,97.50
48988380,585122896,2022-11-10,20221110,1064,35148,49267976,130.00,32.50,97.50
49433806,530535696,2022-11-20,20221120,1064,35148,49724700,130.00,32.50,97.50
49443738,488891696,2022-11-20,20221120,1064,6572,49734632,7.96,7.96,0.00
49451762,437751696,2022-11-20,20221120,1064,54280,49743834,224.98,164.98,60.00
49522028,573073496,2022-11-24,20221124,1064,35148,49815404,130.00,32.50,97.50
49826412,505646296,2022-12-02,20221202,1064,35152,50127186,165.00,41.25,123.75
49864950,508692696,2022-12-02,20221202,1064,6572,50165724,27.92,27.92,0.00
50049436,463842976,2022-12-08,20221208,1064,35148,50356202,130.00,32.50,97.50
